"cond","needs","nfc","age","gender","relation_type","rel_val","expect"
2,6.75,4.26666666666667,23,"Woman","Casually Dating",3.6,4
1,3.625,5.2,18,"Man","Friendship",4.2,4
2,4.125,4.86666666666667,24,"Man","Friendship",5,2
1,1,4.13333333333333,24,"Woman","Friendship",4.6,5
3,3.375,5.06666666666667,29,"Woman","Casually Dating",2.8,1
3,3.125,6.26666666666667,21,"Woman","Friendship",5.8,7
2,5.25,5.33333333333333,26,"Woman","Friendship",4.2,5
1,1.25,4.06666666666667,23,"Woman","Romantic Relationship",6.4,5
2,6.375,3.66666666666667,29,"Man","Friendship",5.2,4
2,6.875,5.06666666666667,24,"Other","Friendship",6.4,5
1,2.5,4.86666666666667,28,"Man","Friendship",4,2
3,2.125,6.13333333333333,27,"Man","Friendship",3.8,7
2,4.875,4.53333333333333,26,"Man","Romantic Relationship",4.4,3
1,2.625,3.73333333333333,22,"Woman","Romantic Relationship",2.2,6
3,2.375,4.93333333333333,25,"Man","Romantic Relationship",4.4,6
2,6,3.13333333333333,27,"Man","Friendship",5.6,5
1,1.375,1.8,29,"Man","Casually Dating",3.6,7
3,3,4.2,28,"Man","Romantic Relationship",6.4,3
1,3.875,4.2,21,"Other","Romantic Relationship",5,7
2,5.5,6.06666666666667,19,"Man","Romantic Relationship",7,5
2,5.875,4.26666666666667,26,"Woman","Friendship",6.2,4
3,2,3.73333333333333,28,"Woman","Romantic Relationship",7,6
1,1.625,3.86666666666667,27,"Man","Casually Dating",3,6
2,6.5,3.46666666666667,26,"Man","Romantic Relationship",7,6
3,3.5,4.06666666666667,21,"Man","Casually Dating",7,2
1,2.75,4.6,21,"Woman","Friendship",5.4,6
1,1.75,4.06666666666667,26,"Man","Friendship",5.8,7
3,3.75,5.4,25,"Woman","Friendship",4.6,7
2,6.125,4.06666666666667,27,"Man","Casually Dating",6.4,4
2,6.125,3.66666666666667,21,"Man","Casually Dating",6,3
1,2.875,2.6,22,"Man","Friendship",5,7
3,2,5.06666666666667,27,"Woman","Friendship",5.8,6
3,2.875,3.86666666666667,23,"Man","Romantic Relationship",6.2,7
2,5.75,3.06666666666667,28,"Woman","Friendship",5.8,2
3,2.125,4.73333333333333,28,"Woman","Romantic Relationship",6.6,4
1,2.125,3.33333333333333,19,"Woman","Casually Dating",6.2,6
3,1.375,6.26666666666667,20,"Woman","Friendship",6.4,7
1,1.375,5.26666666666667,19,"Woman","Casually Dating",5.4,6
2,6.75,6.2,29,"Woman","Friendship",3.6,7
3,2.625,3.8,21,"Woman","Friendship",6,7
3,1,4,26,"Man","Romantic Relationship",7,7
3,1.5,6.46666666666667,29,"Woman","Friendship",5.6,6
3,2.125,6.26666666666667,20,"Woman","Friendship",5.6,4
1,4,5.53333333333333,27,"Man","Romantic Relationship",7,7
2,6.25,4.86666666666667,28,"Woman","Friendship",7,7
2,6.375,6,25,"Man","Friendship",7,6
3,2.75,4.13333333333333,25,"Man","Romantic Relationship",7,4
2,5.5,4.66666666666667,22,"Man","Casually Dating",4,2
1,2.25,5.06666666666667,26,"Man","Casually Dating",4.4,6
2,5.75,6.53333333333333,23,"Man","Casually Dating",6.8,2
3,2.875,3.53333333333333,29,"Man","Casually Dating",5.6,3
1,3.125,5.13333333333333,19,"Woman","Casually Dating",2.8,7
1,2.75,4.4,25,"Woman","Casually Dating",4.2,6
1,2.875,4.93333333333333,26,"Man","Friendship",3.8,4
3,1.125,4.46666666666667,27,"Man","Romantic Relationship",6.8,4
3,3,5.93333333333333,28,"Woman","Friendship",1.6,7
3,3.5,4.4,25,"Woman","Friendship",4.4,3
2,6.375,4.93333333333333,29,"Other","Romantic Relationship",7,3
2,5.5,5,28,"Man","Friendship",6,3
1,1.25,4.6,26,"Woman","Casually Dating",3.6,7
3,2.125,4.46666666666667,25,"Man","Friendship",4,6
2,5.875,5.66666666666667,28,"Man","Friendship",2.6,3
3,1.5,5.53333333333333,27,"Woman","Friendship",4.2,6
1,2,6.06666666666667,29,"Woman","Casually Dating",4.2,5
3,2.75,5.53333333333333,18,"Woman","Casually Dating",6.2,3
1,4.375,2.8,24,"Woman","Friendship",6.2,6
2,6.625,6.73333333333333,25,"Man","Friendship",7,1
2,6.125,4.33333333333333,21,"Man","Friendship",5.2,4
3,3.5,4.13333333333333,24,"Man","Romantic Relationship",6.4,6
1,2.875,4,25,"Man","Casually Dating",4.8,5
1,2,4,28,"Woman","Friendship",6,6
3,4.625,3.2,28,"Man","Friendship",2.6,7
2,6.125,4.8,24,"Woman","Friendship",5.6,4
2,5.875,6.4,25,"Man","Casually Dating",5.8,4
1,2.25,4,28,"Woman","Romantic Relationship",6,7
3,2,5.53333333333333,22,"Man","Romantic Relationship",6,6
1,3.625,3.66666666666667,24,"Man","Friendship",3.8,6
2,6.25,5.26666666666667,24,"Man","Romantic Relationship",7,7
1,1.375,4.93333333333333,20,"Man","Casually Dating",4,7
1,1.25,6.2,21,"Woman","Casually Dating",3.8,5
3,2.25,3.73333333333333,28,"Man","Friendship",3,4
2,6.75,7,29,"Woman","Casually Dating",7,2
3,3,5.6,29,"Man","Casually Dating",1.8,4
1,2.375,3.26666666666667,21,"Woman","Romantic Relationship",3.4,2
2,5.875,3.4,20,"Woman","Friendship",6.4,4
2,6.625,5.13333333333333,23,"Woman","Romantic Relationship",7,1
3,2,6.4,28,"Man","Romantic Relationship",6.4,7
1,3.625,4.66666666666667,27,"Woman","Friendship",7,6
3,3.125,5.2,19,"Man","Friendship",5.6,5
3,2,4.2,28,"Man","Romantic Relationship",7,7
2,6.375,4.33333333333333,26,"Man","Friendship",4.2,3
2,6.125,4.33333333333333,21,"Man","Friendship",2.8,6
3,4.25,4.66666666666667,23,"Woman","Friendship",3.8,2
1,2.25,4.4,21,"Woman","Friendship",4.4,6
1,4.625,5.73333333333333,29,"Woman","Romantic Relationship",5.4,7
2,5.625,6,23,"Woman","Friendship",6.6,3
2,4.375,3.2,29,"Man","Friendship",2,6
1,2,5.53333333333333,28,"Man","Friendship",3.2,5
2,7,1.53333333333333,28,"Man","Casually Dating",7,1
2,6.25,3.93333333333333,22,"Man","Friendship",3.4,7
1,5.625,3.33333333333333,26,"Woman","Casually Dating",1.8,3
3,2.875,5.73333333333333,26,"Woman","Friendship",5.8,5
3,2.5,6.2,25,"Man","Romantic Relationship",7,3
2,6.25,5.4,24,"Woman","Casually Dating",4.8,3
1,1.75,5.46666666666667,28,"Woman","Romantic Relationship",6.4,3
1,1.375,3.13333333333333,29,"Man","Friendship",7,5
3,2.875,5,22,"Man","Casually Dating",6.6,7
3,1.75,6.33333333333333,25,"Man","Romantic Relationship",5.8,6
2,5.625,4.8,29,"Man","Friendship",6,6
2,6.125,3.4,18,"Man","Friendship",6,5
2,5.5,3.86666666666667,24,"Man","Romantic Relationship",2.6,7
3,2.5,4.33333333333333,29,"Woman","Friendship",6,3
3,2.25,5.4,21,"Man","Romantic Relationship",5.8,7
3,3.375,2.93333333333333,24,"Man","Romantic Relationship",6.8,3
1,4,5.73333333333333,29,"Woman","Friendship",7,7
2,6.625,5.4,28,"Woman","Romantic Relationship",6.8,4
3,1.75,5.33333333333333,28,"Woman","Romantic Relationship",6.8,3
2,4.5,4,28,"Man","Casually Dating",5.2,3
2,6.375,5.06666666666667,27,"Man","Casually Dating",6.8,1
1,1,3.6,29,"Woman","Friendship",7,6
1,2.625,2.33333333333333,24,"Man","Friendship",5,6
2,5.875,5.26666666666667,24,"Woman","Casually Dating",3.4,4
3,3.875,5.53333333333333,29,"Man","Romantic Relationship",5,3
1,2,3.6,24,"Woman","Casually Dating",4.6,5
1,1,4,27,"Woman","Romantic Relationship",7,7
3,3.625,4.2,22,"Woman","Romantic Relationship",4,3
1,2.125,5.66666666666667,28,"Woman","Friendship",5.6,6
1,1.125,4.2,29,"Man","Casually Dating",6,6
3,2.875,3.73333333333333,28,"Woman","Romantic Relationship",4.6,3
2,6.25,5.66666666666667,27,"Woman","Friendship",6.4,4
2,6.25,5.06666666666667,28,"Woman","Friendship",7,5
1,1.875,6.13333333333333,26,"Other","Romantic Relationship",6.4,2
3,1.125,5.33333333333333,21,"Woman","Friendship",7,7
3,1.25,6,21,"Woman","Friendship",7,7
2,5.875,3.46666666666667,21,"Man","Friendship",6.2,5
3,2.875,3.93333333333333,28,"Woman","Romantic Relationship",6.2,7
3,2,5.13333333333333,26,"Woman","Romantic Relationship",4.8,3
2,6,4.06666666666667,18,"Man","Casually Dating",5.8,2
1,2.125,4.93333333333333,23,"Man","Casually Dating",2.8,7
2,5.625,6,21,"Woman","Romantic Relationship",5.6,3
3,3.25,3.93333333333333,26,"Woman","Romantic Relationship",4.2,4
1,1.375,4.26666666666667,22,"Man","Friendship",3,7
3,4.125,4.53333333333333,18,"Man","Casually Dating",2.6,7
2,4.875,5.53333333333333,27,"Woman","Casually Dating",5.6,5
2,6.375,3.33333333333333,19,"Man","Romantic Relationship",6.8,2
2,6.875,5.2,20,"Man","Romantic Relationship",5.8,5
2,6,4.8,23,"Man","Romantic Relationship",6.4,6
1,1.75,6.6,29,"Woman","Friendship",7,1
3,1,4.13333333333333,25,"Woman","Romantic Relationship",7,7
1,1.375,6.13333333333333,24,"Woman","Romantic Relationship",6.6,5
2,6.125,6.46666666666667,26,"Man","Friendship",5.2,4
2,6.875,5.66666666666667,25,"Woman","Romantic Relationship",6,6
2,6.375,3.6,27,"Man","Romantic Relationship",6.4,4
1,1.625,5.73333333333333,29,"Woman","Friendship",4.6,6
2,6,4.46666666666667,28,"Man","Friendship",3.4,5
1,4.125,4.53333333333333,28,"Man","Casually Dating",3.8,5
3,2.625,4.93333333333333,27,"Woman","Romantic Relationship",4.4,4
2,4.75,4.53333333333333,24,"Man","Casually Dating",5.2,3
3,1.5,4.86666666666667,29,"Man","Casually Dating",2,1
2,6.375,5.66666666666667,23,"Man","Friendship",6.6,2
3,4.375,6.06666666666667,25,"Woman","Romantic Relationship",2.8,1
3,3.375,4.33333333333333,28,"Woman","Casually Dating",4.4,6
1,6,4.26666666666667,29,"Man","Casually Dating",3,2
2,6.375,4.53333333333333,26,"Man","Romantic Relationship",6,3
1,2.25,5.4,26,"Man","Casually Dating",4.4,6
1,2.375,4.86666666666667,29,"Man","Friendship",5.6,3
1,2.5,3.93333333333333,29,"Woman","Casually Dating",2.2,5
2,6.5,5,20,"Woman","Friendship",6.4,3
3,2.875,3.93333333333333,19,"Man","Friendship",6.6,4
2,5.375,5.33333333333333,28,"Woman","Friendship",5.2,2
1,1.75,5.26666666666667,28,"Woman","Friendship",6,4
1,2.875,4.8,22,"Man","Casually Dating",5.2,6
2,3.125,2.33333333333333,29,"Man","Romantic Relationship",6.4,5
3,4.625,4.13333333333333,21,"Man","Romantic Relationship",5.2,3
1,1.625,5,28,"Woman","Friendship",6.6,6
1,2.625,3.73333333333333,26,"Man","Casually Dating",4.8,3
2,4.5,5.33333333333333,27,"Woman","Romantic Relationship",5.6,7
2,6.5,5.6,22,"Woman","Romantic Relationship",7,1
3,2.375,2.26666666666667,26,"Woman","Friendship",4.8,2
1,3,4.8,24,"Woman","Casually Dating",6.4,7
3,2.25,5.73333333333333,28,"Woman","Friendship",4.8,3
1,2.625,4.53333333333333,26,"Man","Casually Dating",4.6,6
3,2.625,5.46666666666667,29,"Woman","Romantic Relationship",6.8,7
2,6.125,4.33333333333333,18,"Woman","Friendship",4.6,4
2,6.375,4.6,23,"Woman","Casually Dating",6,6
1,3.625,4.26666666666667,26,"Man","Friendship",2.4,5
1,1.75,3.73333333333333,27,"Man","Friendship",5,7
3,2.375,4.8,26,"Man","Friendship",4.4,6
2,5.875,5.33333333333333,27,"Woman","Friendship",6.6,6
1,2.25,4.26666666666667,22,"Woman","Friendship",1,7
1,1.625,3.8,28,"Woman","Romantic Relationship",6.4,6
1,3.625,3.93333333333333,21,"Man","Friendship",4.2,4
3,2.875,4.4,23,"Woman","Casually Dating",4.4,4
1,2,4.66666666666667,25,"Woman","Friendship",5.6,7
2,7,4.06666666666667,27,"Woman","Friendship",7,6
3,2.25,4.6,28,"Woman","Romantic Relationship",3.6,5
2,6,2.66666666666667,27,"Man","Friendship",5.8,5
2,5.875,5.13333333333333,28,"Woman","Casually Dating",6.4,3
2,6.25,5.46666666666667,22,"Man","Friendship",6.4,4
3,3,3.93333333333333,20,"Woman","Casually Dating",6.6,5
3,3.125,4.53333333333333,20,"Woman","Casually Dating",7,7
1,2.375,4.2,22,"Woman","Friendship",3.2,5
3,2.25,5,20,"Woman","Romantic Relationship",6,2
1,2.125,4.46666666666667,22,"Man","Friendship",5.2,7
1,5.5,3.2,28,"Man","Casually Dating",5.2,7
3,4.375,2.8,28,"Man","Casually Dating",5,3
2,6.375,6,29,"Woman","Friendship",7,1
1,3.875,2,25,"Woman","Friendship",3.2,5
2,6.375,6.13333333333333,21,"Man","Romantic Relationship",6.8,5
1,2.25,5.6,26,"Woman","Casually Dating",4.8,5
2,4.875,4.8,29,"Woman","Casually Dating",2.4,5
2,6.5,5.53333333333333,28,"Man","Friendship",7,4
3,2.5,5,23,"Woman","Romantic Relationship",7,7
3,3.125,4.4,21,"Man","Friendship",4.6,2
1,1,5.26666666666667,21,"Woman","Romantic Relationship",6,3
2,5.625,5.2,23,"Man","Friendship",3.6,3
3,1.75,4.73333333333333,22,"Woman","Friendship",7,7
1,1.75,4.86666666666667,21,"Man","Friendship",5.2,5
1,3.375,6.06666666666667,20,"Woman","Casually Dating",4,4
2,6.5,5.2,28,"Woman","Casually Dating",7,4
1,2,5.06666666666667,25,"Man","Friendship",6.8,7
3,4,5.33333333333333,19,"Woman","Casually Dating",3.2,4
1,1.875,5,21,"Man","Friendship",4.4,3
3,2.625,3.93333333333333,21,"Woman","Friendship",3.2,2
3,3.125,4.46666666666667,23,"Woman","Friendship",4.4,4
3,1.5,5.86666666666667,28,"Man","Romantic Relationship",6.6,4
1,2.75,5.33333333333333,26,"Woman","Romantic Relationship",4.6,4
2,5.75,5.93333333333333,19,"Woman","Friendship",6.8,6
2,6.375,3.86666666666667,23,"Man","Casually Dating",7,5
3,2.25,3.53333333333333,22,"Woman","Friendship",7,6
2,6,5.33333333333333,29,"Man","Casually Dating",5.2,4
1,2.5,4.66666666666667,26,"Woman","Casually Dating",5.6,5
1,3.375,4.8,22,"Woman","Casually Dating",4.6,5
2,6.25,4.66666666666667,29,"Man","Romantic Relationship",7,7
1,1.375,4.86666666666667,26,"Woman","Friendship",5.2,6
2,6,3.2,27,"Woman","Friendship",4.4,5
2,5.5,6.06666666666667,29,"Woman","Casually Dating",6.4,6
1,2.375,5,27,"Woman","Friendship",2.4,3
3,2.25,4.4,20,"Woman","Friendship",2.6,3
1,2.75,4.73333333333333,26,"Woman","Friendship",5.4,5
3,3.5,4.73333333333333,26,"Woman","Romantic Relationship",5.6,7
2,5.5,4.66666666666667,29,"Man","Romantic Relationship",5.8,5
1,1.75,4.6,21,"Man","Friendship",5.2,7
2,4.5,5.26666666666667,21,"Man","Casually Dating",7,6
1,2.25,4.73333333333333,23,"Woman","Casually Dating",3.8,6
3,1.375,5.26666666666667,28,"Woman","Friendship",6,4
2,6.5,6.2,29,"Woman","Friendship",3.6,7
1,1,5.4,27,"Woman","Romantic Relationship",6.4,7
2,3.25,3.86666666666667,23,"Other","Friendship",4.4,5
2,6,5.4,27,"Man","Friendship",6.4,7
3,4.625,5.33333333333333,25,"Man","Friendship",6.4,7
2,6.125,6,29,"Woman","Romantic Relationship",6,7
1,2.5,5,29,"Man","Friendship",4.2,5
1,2.75,5.46666666666667,29,"Man","Casually Dating",6.4,2
1,2,5.6,24,"Woman","Casually Dating",1.4,6
2,6.75,6.6,24,"Woman","Friendship",6.6,6
3,1.375,4.8,26,"Woman","Romantic Relationship",6.4,3
1,4.125,4.26666666666667,28,"Man","Friendship",4.4,5
3,1.375,6.2,24,"Other","Romantic Relationship",6.6,4
3,3.5,5.33333333333333,29,"Man","Romantic Relationship",5.6,5
3,2.25,3.33333333333333,25,"Man","Romantic Relationship",5.8,6
1,1,7,25,"Man","Friendship",7,7
2,5.625,4.53333333333333,23,"Woman","Friendship",3,3
3,2,4.26666666666667,28,"Woman","Friendship",6,7
2,6.5,4.13333333333333,27,"Woman","Friendship",6,5
3,1.875,5.6,29,"Man","Friendship",6.2,6
1,1.5,4.06666666666667,19,"Woman","Romantic Relationship",5.6,7
2,6.5,5.4,21,"Woman","Romantic Relationship",5.8,7
1,2.5,4.8,23,"Woman","Casually Dating",3.2,4
2,6.375,5.93333333333333,24,"Man","Casually Dating",6.6,3
2,5.75,5.2,20,"Woman","Friendship",4.2,3
3,1,5.4,26,"Woman","Romantic Relationship",6.8,7
3,2.875,3.6,26,"Woman","Romantic Relationship",6.8,7
1,2.5,4.33333333333333,28,"Woman","Casually Dating",1.2,5
3,2.25,4.86666666666667,21,"Woman","Friendship",5.6,6
1,1.375,5.6,21,"Other","Casually Dating",4.4,6
2,4.375,4.06666666666667,28,"Man","Friendship",5,5
3,4,6,28,"Man","Romantic Relationship",4.8,4
1,4.875,4.4,28,"Man","Friendship",6.6,7
2,5,4.6,25,"Man","Friendship",5.4,2
1,1.5,5.13333333333333,26,"Woman","Casually Dating",3.4,3
1,1.625,3.4,26,"Woman","Romantic Relationship",6.2,2
3,4,4,21,"Woman","Romantic Relationship",4,6
2,5.75,4.13333333333333,29,"Man","Friendship",5.4,4
2,5.5,5.93333333333333,27,"Man","Romantic Relationship",5.8,5
3,1.625,4.2,22,"Man","Romantic Relationship",7,1
3,3.5,5.33333333333333,23,"Woman","Friendship",3.2,7
2,4,3.33333333333333,28,"Man","Friendship",6.8,7
1,1,4.6,23,"Man","Friendship",5.4,5
2,6.5,6.2,19,"Man","Friendship",1,7
1,1,6.73333333333333,26,"Woman","Friendship",7,7
3,1.875,5.33333333333333,26,"Man","Romantic Relationship",7,5
1,1.25,3.8,22,"Man","Friendship",5,3
2,6.5,3.66666666666667,28,"Man","Friendship",6,6
2,4,4,18,"Woman","Friendship",4,4
3,4,5.06666666666667,21,"Woman","Romantic Relationship",5.8,2
1,2.125,4.46666666666667,20,"Man","Romantic Relationship",6,6
1,3.375,5.06666666666667,20,"Woman","Friendship",3,5
3,1.625,4.8,24,"Woman","Casually Dating",5.4,4
2,6.625,5.86666666666667,19,"Woman","Romantic Relationship",5,5
3,2.25,6.26666666666667,25,"Woman","Romantic Relationship",3.2,5
3,3,6,27,"Man","Casually Dating",5.6,3
1,1,5.13333333333333,26,"Man","Friendship",3.6,7
3,3,4.6,21,"Woman","Romantic Relationship",7,3
3,4,5.06666666666667,20,"Woman","Friendship",3.4,4
1,1.875,4.73333333333333,29,"Other","Casually Dating",3.8,6
2,5.75,4.6,27,"Woman","Friendship",6.8,4
3,3.625,3.26666666666667,19,"Man","Friendship",3,3
2,5.75,3.86666666666667,22,"Man","Friendship",5.6,3
2,6.625,4.93333333333333,23,"Woman","Romantic Relationship",7,4
1,1.875,4.26666666666667,25,"Man","Friendship",6,7
3,3.5,4.26666666666667,28,"Man","Romantic Relationship",5,6
2,5.375,6.26666666666667,25,"Man","Romantic Relationship",7,7
3,3,1.53333333333333,19,"Man","Casually Dating",5.8,6
3,3.5,3.6,29,"Man","Casually Dating",4.6,6
1,2.25,5.86666666666667,26,"Woman","Friendship",5.4,5
2,5.625,3.8,23,"Man","Friendship",6,4
1,3.625,4.13333333333333,26,"Man","Friendship",4.6,5
3,1,5.73333333333333,23,"Woman","Friendship",6,7
2,6.125,4.73333333333333,23,"Woman","Friendship",6,4
3,2.5,4.13333333333333,23,"Man","Casually Dating",6,6
1,1.875,3.33333333333333,28,"Woman","Romantic Relationship",5.8,6
2,6.5,4.2,28,"Man","Romantic Relationship",6.6,5
1,1,5,29,"Woman","Casually Dating",6.4,7
2,6.5,5.33333333333333,26,"Woman","Friendship",1.2,7
3,2.5,3,24,"Woman","Romantic Relationship",6.4,2
2,6.625,6.06666666666667,29,"Man","Friendship",6.4,3
3,2.25,5.6,22,"Other","Romantic Relationship",7,7
1,2.125,4.26666666666667,26,"Man","Friendship",5.6,4
2,6.375,5.13333333333333,22,"Man","Romantic Relationship",6.2,2
2,6.25,4.53333333333333,28,"Woman","Romantic Relationship",6,4
2,5,5.4,28,"Woman","Casually Dating",3.6,5
1,2.125,5.6,28,"Woman","Friendship",6.4,4
3,2.875,4.53333333333333,24,"Woman","Casually Dating",5,6
3,1,6.06666666666667,28,"Woman","Romantic Relationship",7,7
2,6.375,3.6,27,"Woman","Casually Dating",5.6,5
1,2.375,3.93333333333333,26,"Woman","Romantic Relationship",4.2,6
3,5,4.86666666666667,28,"Woman","Romantic Relationship",5.6,5
1,1.875,4.66666666666667,29,"Man","Casually Dating",3.6,6
2,5.5,4.86666666666667,28,"Other","Friendship",5.2,6
3,3.875,4.46666666666667,24,"Woman","Casually Dating",1.2,4
3,4.25,5.6,25,"Woman","Casually Dating",5.6,6
2,6.5,3.6,23,"Man","Friendship",6.8,3
3,2.375,5.13333333333333,22,"Woman","Casually Dating",2.6,7
1,2.125,4,19,"Woman","Romantic Relationship",6.6,3
1,3.125,5.26666666666667,18,"Man","Friendship",4.8,4
1,2.625,5.06666666666667,27,"Woman","Romantic Relationship",7,6
2,6.625,4.53333333333333,18,"Man","Friendship",6.2,4
1,2.125,5.53333333333333,29,"Man","Friendship",4,6
3,1.375,5.86666666666667,23,"Woman","Friendship",3.4,6
1,1,4.4,22,"Man","Friendship",6.8,2
2,4.375,5.6,23,"Woman","Casually Dating",3.6,3
3,2.75,4.46666666666667,25,"Woman","Romantic Relationship",5,5
1,1.25,5.46666666666667,25,"Woman","Friendship",7,7
1,1.375,3.53333333333333,27,"Man","Friendship",5.8,7
3,1,5.73333333333333,21,"Woman","Romantic Relationship",6.4,4
1,2,6,20,"Man","Friendship",4,6
2,6.625,4.73333333333333,28,"Man","Romantic Relationship",7,1
1,2.5,5.46666666666667,26,"Man","Friendship",4.8,4
2,6.75,4.4,19,"Man","Friendship",5,5
3,1.5,5.26666666666667,25,"Man","Romantic Relationship",3.8,7
2,6.125,4.8,22,"Woman","Friendship",4.8,3
1,1.75,3.53333333333333,23,"Man","Friendship",5.6,4
1,1.75,4.2,25,"Woman","Friendship",6.8,4
2,5.75,5.26666666666667,29,"Woman","Friendship",1,7
3,3,4.4,21,"Man","Friendship",4.4,3
3,4,4.06666666666667,26,"Man","Romantic Relationship",4.4,3
1,4,3.66666666666667,29,"Woman","Casually Dating",1.6,2
1,4.125,3.8,26,"Woman","Friendship",2.2,6
2,5.875,5.13333333333333,24,"Woman","Casually Dating",5.8,5
1,3.75,4.4,24,"Man","Friendship",3.6,4
2,5.875,4.73333333333333,29,"Other","Friendship",4.6,3
2,6.125,4.33333333333333,20,"Man","Casually Dating",5.6,3
1,1.75,3.13333333333333,24,"Man","Friendship",5.4,3
2,4.625,4.06666666666667,28,"Man","Friendship",6,4
2,5.75,3.66666666666667,29,"Other","Friendship",5.2,3
3,4.25,4.06666666666667,26,"Man","Friendship",4.2,3
2,6.5,4.46666666666667,25,"Woman","Friendship",6,2
3,4.25,5.6,22,"Woman","Romantic Relationship",5.2,3
3,3.5,3.13333333333333,29,"Woman","Romantic Relationship",4.8,2
2,6.375,5.13333333333333,28,"Man","Casually Dating",5.2,2
1,2,5.8,21,"Woman","Friendship",1,7
2,6.875,6.26666666666667,29,"Woman","Romantic Relationship",6.8,1
2,5.75,5.66666666666667,20,"Woman","Casually Dating",2.2,2
3,2.625,4.2,24,"Woman","Romantic Relationship",2.6,4
1,2,3.66666666666667,24,"Man","Friendship",5.2,6
2,7,6.13333333333333,24,"Woman","Romantic Relationship",7,4
1,1,5.86666666666667,22,"Man","Friendship",6,7
3,3.5,4.6,29,"Man","Casually Dating",4.2,4
1,1,5,26,"Man","Romantic Relationship",6.6,7
2,6,4.2,27,"Woman","Romantic Relationship",4.6,3
2,6,3.66666666666667,26,"Man","Casually Dating",5.8,6
2,4.375,4.06666666666667,20,"Man","Romantic Relationship",4.8,3
3,3.125,5.26666666666667,26,"Man","Friendship",3.4,6
1,2.125,3.46666666666667,29,"Woman","Friendship",4.8,5
2,7,4.93333333333333,27,"Man","Romantic Relationship",7,1
1,2.25,4.6,27,"Woman","Friendship",5.2,5
1,1,6.6,26,"Man","Friendship",7,7
3,1.75,4.06666666666667,23,"Woman","Casually Dating",6,5
1,2.625,2,23,"Man","Romantic Relationship",6.2,7
3,4,4.13333333333333,25,"Woman","Friendship",5.2,2
3,2.25,3.53333333333333,20,"Man","Romantic Relationship",6.4,4
1,2.625,3,29,"Man","Casually Dating",2.4,2
2,6.125,5.13333333333333,20,"Woman","Romantic Relationship",4.6,4
2,5.125,4.26666666666667,28,"Woman","Romantic Relationship",5.2,2
3,1,4.8,24,"Woman","Friendship",2.8,7
2,6.375,5.8,28,"Man","Friendship",6,2
1,4,5.33333333333333,27,"Woman","Casually Dating",3,5
2,5.875,6.2,20,"Woman","Friendship",6.8,6
3,1.625,4.33333333333333,24,"Man","Friendship",7,6
3,1.75,5.4,25,"Man","Casually Dating",5,6
2,3.875,3,28,"Man","Casually Dating",2.6,3
3,4.25,2.93333333333333,20,"Other","Casually Dating",4.8,5
3,2.75,4.13333333333333,20,"Man","Friendship",6.8,3
2,5.125,5.26666666666667,19,"Woman","Friendship",5.2,3
1,2.875,4.46666666666667,29,"Man","Casually Dating",4,4
2,6,6.66666666666667,20,"Woman","Friendship",5,6
2,5.625,4.4,25,"Woman","Friendship",5.2,5
3,3.75,4.93333333333333,28,"Woman","Casually Dating",5.6,2
1,4.375,5,22,"Man","Romantic Relationship",1.8,3
2,5.75,4.33333333333333,25,"Other","Friendship",6.6,7
1,3,4.6,21,"Man","Friendship",6,5
3,3.875,5.4,21,"Man","Friendship",5.2,5
1,3.25,4.8,25,"Woman","Friendship",2.8,3
2,6.375,4.93333333333333,26,"Woman","Romantic Relationship",6.6,5
1,2.5,4.13333333333333,28,"Man","Friendship",5.6,5
3,1,2.2,27,"Man","Romantic Relationship",6,4
2,2.75,4.86666666666667,22,"Woman","Romantic Relationship",5.8,3
2,5.625,4.73333333333333,28,"Man","Friendship",5,6
2,6.125,5.93333333333333,24,"Man","Romantic Relationship",6.2,2
3,3.75,4.06666666666667,23,"Woman","Romantic Relationship",3.8,5
1,3.375,2.8,24,"Man","Casually Dating",3,5
2,5.875,5.46666666666667,22,"Man","Friendship",5.4,6
2,6,4.86666666666667,18,"Other","Friendship",5.2,6
1,1.875,5.26666666666667,21,"Man","Friendship",5.2,4
1,3,4.26666666666667,27,"Woman","Friendship",5,6
3,1.875,5.06666666666667,27,"Man","Casually Dating",5,5
3,2.25,4.26666666666667,24,"Woman","Friendship",6.4,5
1,4.125,4.26666666666667,18,"Man","Romantic Relationship",3.8,4
2,6.625,5.13333333333333,29,"Woman","Romantic Relationship",7,5
1,2.875,3.73333333333333,20,"Woman","Friendship",3.8,5
1,1,6.6,29,"Woman","Romantic Relationship",6.6,7
2,6.5,5.06666666666667,29,"Man","Friendship",6.4,6
1,1.875,4.4,28,"Man","Friendship",4.4,4
2,4.5,5.06666666666667,26,"Woman","Friendship",7,5
2,6.75,5.8,23,"Woman","Friendship",3.8,3
3,3.875,6.73333333333333,28,"Woman","Romantic Relationship",4.8,2
3,3.875,4.73333333333333,23,"Woman","Romantic Relationship",3.6,1
1,5.375,6.8,26,"Woman","Casually Dating",1.2,2
1,2.375,4.46666666666667,24,"Man","Friendship",4.8,6
2,6.375,4.2,29,"Woman","Friendship",7,3
1,1.125,3.8,29,"Man","Friendship",4.6,4
3,3.75,5.06666666666667,24,"Woman","Friendship",7,5
3,5.125,3.6,22,"Woman","Casually Dating",2.6,2
2,6.375,5.4,23,"Woman","Romantic Relationship",7,4
2,6,5.6,24,"Man","Friendship",6.2,3
1,2.875,5.4,27,"Woman","Friendship",3.4,7
2,5.625,5.66666666666667,28,"Woman","Friendship",3.8,5
1,1.75,6.86666666666667,29,"Man","Romantic Relationship",7,7
2,6,5.2,22,"Man","Friendship",5.4,3
1,1.25,5.13333333333333,27,"Man","Friendship",6.6,7
1,1.125,5.06666666666667,20,"Woman","Friendship",7,7
3,4.75,3.66666666666667,24,"Woman","Romantic Relationship",2.2,6
2,6,5,25,"Woman","Romantic Relationship",7,5
1,4,4.4,29,"Man","Friendship",5,2
3,2.375,5.93333333333333,25,"Woman","Friendship",5.2,5
1,3.75,2.8,20,"Woman","Casually Dating",2.6,4
3,2.5,5.66666666666667,21,"Woman","Romantic Relationship",3.4,2
3,2.875,5.2,28,"Woman","Casually Dating",6.2,6
3,2.875,4.93333333333333,21,"Woman","Friendship",6.4,7
1,4,3.26666666666667,23,"Man","Friendship",5.4,7
3,3.25,4.73333333333333,27,"Man","Romantic Relationship",4.4,4
1,3.125,3.46666666666667,22,"Man","Friendship",3.6,7
2,6.625,5.06666666666667,23,"Woman","Romantic Relationship",7,1
2,6.125,4.8,24,"Man","Romantic Relationship",6.4,2
1,2.25,4.8,29,"Woman","Friendship",5.4,7
3,3,4.8,25,"Woman","Friendship",5.8,5
3,2.125,5.6,20,"Man","Romantic Relationship",4.8,3
3,4.5,5.13333333333333,22,"Woman","Casually Dating",2.2,5
2,6.375,4.33333333333333,28,"Woman","Romantic Relationship",6.2,4
2,6.375,5.8,26,"Woman","Friendship",4,3
3,4.75,4.4,20,"Man","Casually Dating",3.8,3
1,1.75,2.66666666666667,23,"Woman","Casually Dating",6.2,2
2,6.875,6.53333333333333,27,"Man","Friendship",7,1
2,5,5.8,19,"Woman","Friendship",5.6,5
3,3.25,4.26666666666667,24,"Man","Casually Dating",3.8,7
1,1.5,5.6,22,"Woman","Friendship",6,7
2,5.375,6.13333333333333,21,"Woman","Friendship",7,4
3,4.625,5.8,23,"Woman","Romantic Relationship",2.8,5
2,6.25,4.13333333333333,25,"Other","Friendship",7,6
1,1.5,6.33333333333333,18,"Man","Friendship",6.8,6
3,1.75,4.53333333333333,19,"Woman","Romantic Relationship",4.6,7
2,6.625,5.4,26,"Woman","Romantic Relationship",6.8,4
2,6.75,5.86666666666667,24,"Woman","Romantic Relationship",6.4,5
3,2.375,5.13333333333333,27,"Woman","Romantic Relationship",6,5
3,3.875,4.2,22,"Woman","Casually Dating",5,3
2,7,5.8,29,"Man","Friendship",7,1
1,2.25,5,24,"Man","Friendship",5.6,7
1,3.5,2.8,25,"Woman","Friendship",5,6
3,3.875,4.6,28,"Man","Friendship",6,1
1,4,6.06666666666667,29,"Woman","Romantic Relationship",3.8,5
1,5.125,3,24,"Man","Casually Dating",3,2
2,6,4,18,"Woman","Friendship",5.6,3
1,1.625,6,18,"Man","Romantic Relationship",5.4,3
1,5.25,4.2,18,"Woman","Friendship",6,3
3,2,5.06666666666667,26,"Man","Friendship",3.8,4
1,1.625,5.4,26,"Woman","Romantic Relationship",6.2,3
2,5.5,5.53333333333333,28,"Man","Friendship",6,2
2,6.875,4.06666666666667,29,"Woman","Friendship",5.4,5
3,3.875,5.4,27,"Woman","Casually Dating",2,5
2,5.125,4.4,26,"Man","Friendship",6.2,5
1,2.75,3.93333333333333,28,"Woman","Friendship",5.2,4
1,3.75,5.66666666666667,20,"Man","Friendship",5,2
3,1.5,4.2,24,"Man","Friendship",6,6
3,3.25,4.06666666666667,29,"Woman","Friendship",5.8,5
2,5.375,6.06666666666667,26,"Man","Friendship",4.8,1
3,1.75,7,28,"Man","Friendship",6.6,7
3,4.75,2.53333333333333,24,"Man","Romantic Relationship",3.8,1
1,4.25,5.13333333333333,22,"Man","Casually Dating",4.8,4
2,6.5,5,22,"Woman","Romantic Relationship",6.6,5
1,4,4.53333333333333,19,"Woman","Friendship",4.2,4
3,3,4.4,22,"Man","Casually Dating",5,3
2,5.75,3.26666666666667,20,"Woman","Casually Dating",4.4,6
1,2.625,4.86666666666667,23,"Man","Friendship",3.4,6
3,2,4.66666666666667,19,"Woman","Friendship",5.8,5
2,6.375,5.46666666666667,29,"Woman","Romantic Relationship",7,7
2,5.75,5,19,"Woman","Romantic Relationship",6,2
1,1.625,5.8,25,"Man","Friendship",5.6,7
2,4.25,4.93333333333333,20,"Woman","Friendship",5.6,3
3,2.5,4.4,25,"Woman","Romantic Relationship",4.6,3
2,6.25,4.6,20,"Man","Friendship",5.8,5
2,5.125,5.2,28,"Woman","Friendship",4,6
3,2.75,4.26666666666667,28,"Woman","Romantic Relationship",7,3
3,6.5,5.4,24,"Man","Romantic Relationship",7,2
1,2,4.33333333333333,22,"Man","Friendship",5.6,6
1,2,4.8,23,"Woman","Friendship",3.6,6
1,2.25,5.26666666666667,25,"Woman","Friendship",3.6,5
1,1.75,4.93333333333333,24,"Woman","Friendship",6.6,3
1,2.375,4.26666666666667,26,"Man","Friendship",5.2,7
3,1.625,4.46666666666667,25,"Woman","Casually Dating",4.8,6
1,1.125,6.06666666666667,25,"Man","Friendship",7,7
2,4.125,3.66666666666667,19,"Other","Friendship",3.2,3
3,4,4.93333333333333,20,"Man","Friendship",4.8,3
2,5.25,6.06666666666667,26,"Woman","Friendship",2,7
2,5.125,3.86666666666667,26,"Man","Friendship",5.6,5
